-1.935744789981031500e-01,1.139791551437831785e-01,-5.926731841626675656e-03,3.009571667669095341e-01,-3.586033583511695211e-01,-8.786632376030925617e-02,-1.562259205070140322e-01,3.424416004906711275e-01,-1.600323779808836278e-02,1.431132975838603216e-01,2.564224733863315620e-01,-1.641254743615789824e-01,-1.367425919556901903e-01,1.467435020857448327e-02,1.000000000000000000e+00
-1.000062547092753218e-01,2.430830704236164319e-03,2.442175729383090355e-01,1.268699051167839487e-01,-6.389123846329397560e-02,-8.558800399203210507e-02,7.249021145835105040e-02,4.298628554943320634e-02,-5.271419625106030932e-02,1.975425030271986404e-02,-1.593141663325880197e-01,-4.099908516596876273e-01,-1.996152652940482164e-01,5.384521498929881189e-02,-1.000000000000000000e+00
-1.774447698492219727e+00,-4.764210619965775217e-02,-2.587953371292733840e-02,2.527078163863590299e-01,-3.506894908219360119e-01,-1.604509432277618775e+00,-1.148743176969121427e-01,3.476306938160337867e-01,5.950125588821331135e-02,-1.689561894348156068e-01,3.510138375728891758e-01,-1.285863892217228022e-01,9.889725276835834022e-02,-4.779867105539917227e-02,1.000000000000000000e+00
-2.115847659490593113e-01,-4.378197457659226827e-02,-1.560226191263545115e+00,1.851037692264281831e-02,-5.186740647855887787e-02,-1.285080578288320674e-01,2.186092565573694302e-01,-7.563234413279935897e-02,-1.836555867319568658e-01,-1.715292381708927838e+00,-1.053609967823944532e-01,-3.007580256026237686e-01,-5.664314466742134124e-01,4.654207660509027122e-02,-1.000000000000000000e+00
-1.059648825563055119e-01,2.083871134971554129e-01,-3.896191369327062226e-03,1.638163863683159416e-01,-3.325412330756547519e-01,-1.594674707958482429e+00,-1.889321220144114299e+00,-2.519374096022733989e-01,3.744445401896578929e-01,-1.431062364019081157e+00,2.905878641430151843e-01,1.188508934529553251e-01,4.879893502549231821e-02,-7.302283441518868379e-02,1.000000000000000000e+00
-7.892925337285790210e-02,-1.425061922732849817e+00,-5.135339515188619419e-02,-1.063343810050886851e-01,-1.337699140567889744e+00,2.135462731273148618e-01,9.071650828203833838e-02,-1.555947836611493162e+00,-2.523557403743938998e-01,-1.186849304841148672e-01,-1.597332163655802995e-01,-1.787685024795254485e+00,1.745797844065838378e-03,2.254499206850570370e-01,-1.000000000000000000e+00
-1.634685003002452675e+00,-3.251862351339719348e-01,-2.205331884740385773e-02,3.742916305651294850e-01,-1.476130033379834672e-01,1.032155617257237423e-01,-1.809921763154535901e+00,-1.758857849397117978e-01,4.028084449511597914e-02,-1.624796041221835630e+00,1.664756781513079820e-01,-1.071422644886549924e-01,1.558875726640141235e-01,-4.165906302948692297e-02,1.000000000000000000e+00
-6.893588852403798040e-02,-1.502351679030673459e+00,-1.583392212954673361e+00,2.964158753223027770e-02,-1.679927090025262526e+00,1.960003535628031812e-01,1.493346616410116123e-01,-1.573801522268912567e+00,-3.857005873887964786e-01,-1.602374783816816084e+00,-1.260749596503021597e-01,-1.700132611113932102e+00,-2.914614680654354362e-01,1.977030193570133709e-01,-1.000000000000000000e+00
-8.520846789723049430e-02,-2.651197730292323418e-02,-2.640371058762110146e-02,-3.274202584091251422e-03,-2.816433303798683840e-01,3.562988748599811573e-02,-3.048970621335784781e-01,2.403931662676393743e-01,5.712739777555907172e-02,-1.551001213505004861e+00,3.965997947137003821e-01,-1.509685871126274503e-01,-1.420543153268830849e+00,-3.946372188686265992e-02,1.000000000000000000e+00
-1.668893144344563373e+00,1.919130586646038972e-01,1.022447000210930657e-01,5.905500448133854663e-02,-7.747440192085087995e-02,-1.740098495699613945e+00,2.704241472111564293e-01,-1.738207255835940712e-01,7.007512455348459401e-02,-1.715623810450799813e-01,1.464674195565787707e-02,-2.574836095767138455e-01,-2.205749926081212731e-01,2.136271854472032716e-01,-1.000000000000000000e+00
-1.824841436379284199e+00,-1.748777344081649809e-01,6.115091744109193983e-03,2.462803020292880229e-01,-2.487724873459193076e-01,-1.450250498290739154e+00,-4.697050359614601822e-02,2.511430594108938763e-01,5.617082693944049077e-02,-1.450274777049656239e+00,1.015770576039708994e-01,-2.411988640947981544e-01,-1.607422220292852755e+00,-7.604821669259544809e-03,1.000000000000000000e+00
-1.703817562252395001e+00,1.326709061849910554e-01,-1.517563722971078999e+00,1.060016902241523729e-01,-2.537611221091851110e-02,-1.625499260459003725e+00,1.413230949241252310e-01,-1.874853551714396604e-01,-1.370225761448278790e-01,-1.640928883789254389e+00,-4.872232664044925249e-02,-3.512887869343963021e-01,-1.330782873438719482e-01,1.884054816212058225e-01,-1.000000000000000000e+00
-4.602927011417328185e-01,9.114648978546381619e-02,-1.142681042952753273e-01,1.181998566641369736e-01,-3.744886720748129005e-01,-1.683306709233135745e+00,-1.857226218067269841e+00,-1.306773969295676741e-01,8.745669333004414681e-02,1.081474503508523810e-01,3.039225988385292898e-01,-4.511980020317890583e-02,-1.668770004433653753e+00,5.705645149867304144e-02,1.000000000000000000e+00
-1.609292721928712089e+00,-1.530845752972931129e+00,-8.278815713149145772e-02,-2.373194652547248318e-01,-1.642259528918827094e+00,-1.550507000140835645e+00,2.096919128243851516e-01,-1.647554901046019982e+00,-2.522533002550081949e-01,-9.368579713617050664e-02,6.839489592974815069e-02,-1.993235444764836606e+00,-1.704810005505085768e-01,7.884782078520123638e-02,-1.000000000000000000e+00
-1.858420224161734247e+00,-1.734005282820396676e-01,9.726655340758569301e-02,1.248959239748611560e-01,-2.843455210772053432e-01,-2.268106966669906563e-02,-1.729137928685011705e+00,-2.638388678031160506e-01,2.428805271409836264e-01,1.609752903428374737e-01,5.216967446545667242e-01,-7.752550718208928160e-02,-1.454779407934555735e+00,-3.368056274862356314e-02,1.000000000000000000e+00
-1.671006873242029567e+00,-1.355035901028246670e+00,-1.546876931567384483e+00,-4.882903868976315453e-02,-1.431346086050258259e+00,-1.412521778718294874e+00,2.408521092393056395e-01,-1.658598241196473033e+00,-1.382017859742168953e-01,-1.657214374755794140e+00,-2.481908330508241639e-02,-1.762757266728576244e+00,2.383848738496055497e-02,1.455584988399447055e-01,-1.000000000000000000e+00
-1.902126388006115942e-01,1.996213562281251575e-02,1.008372071407214743e-01,-1.460752336310695121e+00,-1.718442887948363751e-01,5.289151945715515196e-02,-1.988938641605968449e-01,-1.404678157366375135e+00,-1.426704526380021543e+00,1.836450345611355395e-02,1.031901470487577022e-01,-1.214539315444648354e-01,6.219952114504016111e-02,-1.654616533531131140e+00,1.000000000000000000e+00
-7.099264735690004324e-02,1.750364477230531568e-02,-1.062663212368153143e-01,-3.318805470065910868e-01,-2.759776562556524523e-02,-1.603913436870445519e+00,-1.353532462950584492e+00,-1.395546155641066988e-03,-1.210691504980217770e-01,-1.511115253680355153e+00,-1.480633014803731107e-01,-2.012839088420497746e-01,-1.997788643348255844e-01,1.007769414455348678e-01,-1.000000000000000000e+00
-1.732361623182581800e+00,-2.102480727713798569e-01,4.589408489794362389e-02,-1.185027255246496658e+00,-1.496015716906844428e-01,-1.529090647151525317e+00,-3.767531196928636805e-01,-1.228746858778276163e+00,-1.513836205519304201e+00,1.311451637954682559e-01,5.498183059552660401e-01,8.708600070403887949e-03,6.129938060113643283e-02,-1.559814424680894263e+00,1.000000000000000000e+00
-2.835840568649770910e-02,-2.146285735581612841e-01,-1.579610604303776533e+00,1.664476210172569082e-02,-5.099273752013008809e-02,-1.725949610073979512e+00,-1.467398823985591960e+00,9.482147057008569191e-02,-3.186590355189626578e-02,-4.781462003049682941e-02,-3.124998176502554736e-01,-2.756619479040776644e-01,-2.832558409756105178e-01,1.619123252324499995e-01,-1.000000000000000000e+00
-2.367772758105469166e-01,2.386147726201319208e-01,-1.737780012137604135e-01,-1.355794095407284461e+00,-2.679290745175850752e-01,-1.644752444669923097e+00,-1.939455022430933262e+00,-1.868695451010987663e+00,-1.400941658776029719e+00,-1.688002662345677640e+00,3.606506533467307429e-01,-7.625979515244935003e-03,-4.330127823671142684e-02,-1.553362446245406980e+00,1.000000000000000000e+00
4.032978658428024166e-02,-1.676820021646022507e+00,1.047351288964794014e-01,-1.274758592562561521e-01,-1.655047118035765985e+00,-1.346487776545435500e+00,-1.527216883896012289e+00,-1.410111606579167454e+00,-2.539982374704825852e-02,-1.713267267046358455e+00,-1.014092723436062216e-01,-1.806922107887470208e+00,-9.253453197220207205e-02,1.441451858524561147e-01,-1.000000000000000000e+00
-1.731129921112224634e+00,-2.901473907450236034e-01,1.180327861648885340e-02,-1.348904830804334765e+00,-2.564662506036542444e-01,2.657611077804407709e-02,-1.800769790691219896e+00,-1.725256531502176394e+00,-1.582781276073582655e+00,-1.587734247659576381e+00,1.846722494212687804e-01,-8.745442992928353920e-02,2.461445513982963088e-02,-1.550950765867309844e+00,1.000000000000000000e+00
-2.283456737923411917e-01,-1.581192929304472417e+00,-1.698892334002197302e+00,2.936243047887290847e-02,-1.475603940072048648e+00,-1.481309278271474517e+00,-1.344846732616987506e+00,-1.423359469725386628e+00,-7.429594089515155486e-02,-2.249300418856977068e-01,-8.150346857611970308e-02,-1.783421326054325684e+00,-1.956288978727144245e-01,3.423808630989662039e-01,-1.000000000000000000e+00
-1.392029844521847359e-01,1.585516293481104011e-02,1.649686505433222983e-01,-1.455942057796049349e+00,-2.565270886891928837e-01,-2.995841363766689816e-02,-2.225188616804514574e-01,-1.304550654947434385e+00,-1.543543743723497785e+00,-1.625506112240582501e+00,2.646686934361995869e-01,3.536394651466978623e-02,-1.596770214722755821e+00,-1.718505474909242325e+00,1.000000000000000000e+00
-1.709571844246771555e+00,7.258692646837865137e-02,-6.937956961166810710e-02,-1.759107096036754969e-02,1.023153468347885037e-01,-1.396731656103666064e-01,-1.290324032684116107e+00,1.744754247071788056e-01,-2.274937312973350501e-02,-1.542470932907623160e+00,-2.143952135731703179e-01,-2.178828468681655861e-01,-4.685982140614411429e-02,3.202479980416738092e-01,-1.000000000000000000e+00
-1.783884668386667149e+00,-1.272375533214497589e-01,-6.483306964860351129e-02,-1.317393170180484407e+00,-1.785553028497116612e-01,-1.380977492719456912e+00,-2.398079458622670024e-01,-1.290907093889349877e+00,-1.351572903045891394e+00,-1.550242759707908036e+00,4.198473156596549960e-01,-1.242770486723988876e-01,-1.525877099216195854e+00,-1.554149498054001377e+00,1.000000000000000000e+00
-1.734648507628440139e+00,2.192826484018607358e-01,-1.489106692551441569e+00,5.007721728629293406e-02,1.398957448036743448e-02,-2.921742187204966895e-02,-1.320288395167840356e+00,3.292664544724834830e-01,-1.795623271947691391e-01,-1.466962564866716723e-01,-2.662897463892865274e-02,-1.738436898994596969e-01,-3.817963162764551055e-02,6.503463516527510646e-02,-1.000000000000000000e+00
-3.029885861559754590e-01,2.550953935420102736e-01,-1.103307825250942481e-01,-1.420240129037396049e+00,-4.057700325150146448e-01,-1.432037726658133003e+00,-1.742574743379801561e+00,-1.706346924550034450e+00,-1.610482645334571306e+00,2.052113966044370463e-01,2.691827908860374707e-01,-5.868454248888337749e-02,-1.688925815284796350e+00,-1.731488086207674471e+00,1.000000000000000000e+00
-1.587169441767515288e+00,-1.449215424064308477e+00,1.056750713765475247e-01,1.005523967565410681e-01,-1.643903047784339266e+00,5.393450286841017238e-02,-1.355966372117012320e+00,-1.480728708640227875e+00,-1.192444720770064470e-01,-1.617205607701764691e+00,-2.001940707974544931e-01,-1.854276215264260674e+00,-2.120968756661331667e-01,1.249548214378189137e-01,-1.000000000000000000e+00
-1.659231896786515836e+00,-2.734026343955329175e-01,1.614267437122218207e-01,-1.308580366437199105e+00,-2.585744813783290574e-01,-7.277887054484513674e-02,-1.964579895708931545e+00,-1.988637864745677053e+00,-1.417206261440844273e+00,-1.064945755041092068e-01,2.014194076204649519e-01,-1.354914430258996605e-01,-1.491698880763357549e+00,-1.551242130728441859e+00,1.000000000000000000e+00
-1.720446547882567012e+00,-1.541241393438607110e+00,-1.630467902235066324e+00,-7.411202833128890943e-03,-1.654541032018014945e+00,2.623612216276595133e-01,-1.480764894592184522e+00,-1.460466737184188180e+00,-3.295613141155256387e-01,-1.335075346053341272e-01,-1.273070084023267268e-01,-2.127679633637005630e+00,-2.464723373152804542e-01,8.022582804182054605e-02,-1.000000000000000000e+00
-2.109079585833683601e-01,-1.555892998862504095e+00,1.107885884130413306e-01,1.177215642018687169e-01,-1.903635417489270898e+00,6.149415741520453116e-02,-3.799748269154470948e-01,-1.353483645674147029e+00,-4.930015796167842856e-02,1.531146828385572256e-01,2.740872821745550247e-01,-1.725855934989520168e+00,1.813254786623140491e-01,-7.054318243692112023e-02,1.000000000000000000e+00
-9.734287508391470389e-02,-4.678911477042982381e-03,-2.354664895714689635e-02,5.100745385274149668e-03,-1.331449935855308631e-01,-1.598625887398838596e+00,2.778746322995367390e-01,4.813444104940975410e-02,-1.625933685672424356e-01,-6.697790788327151468e-02,-1.749605469280097747e+00,2.623302391327739791e-01,-2.634792860014013027e-01,1.665935370787189895e-01,-1.000000000000000000e+00
-1.817353774439702363e+00,-1.561445054303381763e+00,2.588251245924956534e-02,2.035376981561484999e-01,-1.766443070947268268e+00,-1.296972269680546797e+00,-2.543772414319446229e-01,-1.398205211604792941e+00,2.092399351858046930e-01,1.687208519899038306e-01,2.441626287880789281e-01,-1.858209074295685825e+00,-1.966273036325641155e-01,4.292932778109619096e-02,1.000000000000000000e+00
2.703596192017793109e-03,-2.329838366977103892e-01,-1.380333551207818088e+00,2.044434338582787891e-01,-4.081958202166395544e-02,-1.681344439141456926e+00,1.476627032024580011e-01,-4.993020226228646330e-02,-1.875771998174172728e-01,-1.762007651436396705e+00,-1.557788011049577648e+00,2.837909499650285161e-01,-5.845342207235090792e-02,-9.376632748452173871e-02,-1.000000000000000000e+00
-2.606686354658470095e-01,-1.408856249495505031e+00,1.880920528500927280e-01,1.835990601756801177e-02,-1.861442820461840064e+00,-1.652352721661132007e+00,-1.866726146333868464e+00,-1.805367024170868362e+00,-4.902227545481459281e-02,-1.560841106272784495e+00,2.205571318753309085e-01,-1.592737578886485927e+00,-2.845762836725848621e-02,1.370102237967169845e-01,1.000000000000000000e+00
-9.844964916686858858e-02,-1.561368624864145183e+00,-3.914124367162109819e-02,-1.080476455056877255e-02,-1.722930338042492515e+00,-1.544141333393409976e+00,1.157126277790064411e-01,-1.727777618033043527e+00,-1.670565305629349573e-01,2.974758626022222519e-02,-1.581477342471812042e+00,-1.323120858919411447e+00,-2.100339313983373701e-01,1.448187770874282965e-01,-1.000000000000000000e+00
-1.957458263369451723e+00,-1.694274989097745543e+00,5.454911108419973481e-02,1.805943278212934489e-01,-1.756092263705557599e+00,-8.595899367681159031e-02,-1.696067414366745130e+00,-1.712023576270820469e+00,2.060492194970154900e-01,-1.398335988329474810e+00,4.410001979147892825e-01,-1.719686354629639036e+00,-6.051566718506100340e-02,3.339095417045597619e-02,1.000000000000000000e+00
-7.866696516093840685e-03,-1.616787244372446697e+00,-1.740116896609308572e+00,8.579584135912943221e-02,-1.439416796296014933e+00,-1.523227070758474966e+00,3.758797173705020200e-01,-1.769922243342483492e+00,-2.134407608641714915e-01,-1.517898778848180585e+00,-1.492718695300921272e+00,-1.078979009657375254e+00,-8.830119739724537342e-02,2.032437865555704604e-01,-1.000000000000000000e+00
-2.053848989919285495e-01,-1.323498679920936505e+00,1.600594600689232427e-01,2.127530971190854658e-01,-1.812974538182991369e+00,-9.828391746720832600e-02,-3.237482397158925052e-01,-1.376107670949456407e+00,1.857257065594705159e-01,-1.536261310236082256e+00,3.252889388876294974e-01,-1.582426747967575320e+00,-1.644393972918431368e+00,-7.704793882180768771e-02,1.000000000000000000e+00
-1.669671522325552715e+00,-4.738520888333819236e-03,-9.011259086863371293e-02,-2.387991865509341005e-01,-5.806701719645110393e-02,-1.206243669493144155e-01,3.369023832387631479e-01,-7.667184510194216540e-02,-6.384074432003430943e-02,-2.220560303315098627e-02,-1.677397347136823980e+00,2.831200735921008960e-01,-2.766936859144445426e-01,1.560540392900901796e-01,-1.000000000000000000e+00
-1.777587007008249564e+00,-1.704171978040527335e+00,5.913101480819421552e-02,1.428869347821797309e-01,-1.901771407341925402e+00,-1.759160581014954428e+00,-2.726838542570871327e-01,-1.341989046626985482e+00,1.149581111517015558e-01,-1.541115658685354717e+00,1.677606151171127657e-01,-1.464461059124410713e+00,-1.691688504084269074e+00,-3.104441766574880454e-02,1.000000000000000000e+00
-1.741418645816155575e+00,2.527459606765928291e-01,-1.635744431626482864e+00,-4.135823844505452651e-02,1.560523028071861273e-01,-9.996675928048688597e-02,3.331306303388317236e-01,-1.182858312212287932e-01,5.816274462819263913e-02,-1.764772416562902180e+00,-1.477910347247076261e+00,2.989494469385867159e-01,-1.051717978886456129e-01,1.921403438897218707e-01,-1.000000000000000000e+00
-3.065731389712608168e-01,-1.342546641072029701e+00,5.964527988909403000e-02,1.711393678184557343e-01,-1.761287550914799827e+00,-1.611029149319431752e+00,-1.765853023869925487e+00,-1.888379046610273448e+00,1.002820626583308672e-01,-1.109509776410169124e-01,2.188709029554854468e-01,-1.576157910757060021e+00,-1.521945969532204845e+00,2.070355351194339347e-02,1.000000000000000000e+00
-1.623549583779014815e+00,-1.350051115786569111e+00,-8.869050426022510522e-03,-1.874223112652556866e-01,-1.633442654667898397e+00,1.375420098898255117e-01,1.168110294924096237e-01,-1.569377840081284781e+00,-1.602564120101649947e-01,-1.325093610505566621e-01,-1.438045060031879707e+00,-1.050581181443586365e+00,-2.893936297597720642e-01,7.855108334561576588e-02,-1.000000000000000000e+00
-1.658154207372490641e+00,-1.789134629255389797e+00,4.054766945845136861e-02,4.274914633188270363e-03,-1.797182622929081264e+00,2.559107562684073689e-02,-1.718806878310818353e+00,-1.755749373633363364e+00,7.060323412260165188e-02,-1.084276109706693719e-02,3.609575922405105497e-01,-1.714998993682882000e+00,-1.574951641335678110e+00,1.149572272760127495e-01,1.000000000000000000e+00
-1.847961507423650840e+00,-1.473921222549971821e+00,-1.617837932133893375e+00,-7.103102034326941316e-02,-1.571069807864609036e+00,3.573476889499199727e-02,1.970289265713811022e-01,-1.739229085965009469e+00,-2.775349152229639182e-02,-1.680739634226039003e+00,-1.587025168513149342e+00,-1.236748239033638841e+00,6.935436000199549089e-02,2.040125069256005230e-01,-1.000000000000000000e+00
-1.722904466803558410e-01,-1.411617617088636312e+00,2.916437094735713220e-04,-1.406253287690810927e+00,-1.615679981746658056e+00,-2.763953409871925445e-03,-3.950897247081973651e-01,2.430954492310867798e-01,-1.311681842017352828e+00,-2.200217028509704811e-02,1.703654951829411679e-01,-1.720433172383417197e+00,1.308044939654900291e-03,-1.417741158285068082e+00,1.000000000000000000e+00
-6.888987672868050749e-02,-2.206762982686303332e-01,-1.750101396499676581e-02,-3.727240288538255508e-03,-1.083627958668931801e-01,-8.696675784860415093e-02,-1.319049022372315028e+00,5.257817621846899714e-02,-1.711129698146304778e-01,-1.555886570316086903e+00,-1.677814988070778224e+00,3.915202101818402447e-01,5.543780834425612869e-02,1.390389113262543719e-01,-1.000000000000000000e+00
-1.727238257218281170e+00,-1.615530576147521602e+00,7.869056225858209186e-02,-1.423059514455122798e+00,-1.761192441644305884e+00,-1.630316956634427994e+00,-2.789120381103245006e-01,1.941822238716390814e-01,-1.518121723396330669e+00,-1.238462931609404100e-02,2.742496492662739316e-01,-1.645835021526846909e+00,3.721937042066567752e-02,-1.627505454659611495e+00,1.000000000000000000e+00
1.470635122441772691e-02,-2.056113108150927626e-01,-1.764448694346967272e+00,1.968965126762830531e-01,-1.287913227649226389e-01,-1.238240475078797309e-02,-1.315648596190898134e+00,2.225161798906181432e-01,-1.704424821427150682e-01,-1.000365041999348586e-01,-1.533319399388676008e+00,2.921635897646819857e-01,-5.860574376450541911e-02,2.784987048414280242e-01,-1.000000000000000000e+00
-2.494620197685982754e-01,-1.448566913248975796e+00,7.057694579524713407e-02,-1.273212303503205467e+00,-1.679047110450799574e+00,-1.588867586909664009e+00,-1.771914972690083134e+00,-2.517244837878088726e-01,-1.480580985639242897e+00,-1.669982779328623934e+00,3.614806337794052582e-01,-1.633837644043817372e+00,4.781815759110948083e-02,-1.560544856181362405e+00,1.000000000000000000e+00
6.107929177820334288e-02,-1.534902656447697966e+00,-8.607572626113366154e-02,-1.053562469886166753e-01,-1.463402905170154700e+00,2.486780937748925002e-01,-1.327669916737666655e+00,-1.444079856760119851e+00,-2.251288416680337356e-02,-1.548686440706024792e+00,-1.576795558854126700e+00,-1.162050860905266214e+00,-1.797664644595173833e-01,8.235556289785103679e-02,-1.000000000000000000e+00
-1.620915957675557850e+00,-1.759205929598766538e+00,6.587282363154096931e-02,-1.260937479341356138e+00,-1.825365113928211436e+00,-5.420203464332983695e-02,-1.856265590647504293e+00,-3.232448348203816324e-01,-1.506331929169810291e+00,-1.790950030579560037e+00,2.915247309809219645e-01,-1.553405508313238981e+00,1.064510860731728847e-01,-1.593081305610142051e+00,1.000000000000000000e+00
-4.612223926753210301e-02,-1.491967959290764867e+00,-1.557513752337976953e+00,-5.320920254984169706e-02,-1.565674533919902078e+00,-6.933620921740490939e-03,-1.436743443340090298e+00,-1.483034265310440913e+00,-1.958793561744313072e-01,-5.822026887820264812e-02,-1.749475100938908234e+00,-1.367204286344534836e+00,-3.377935618256747152e-02,1.192202087137585464e-01,-1.000000000000000000e+00
-4.031583925895292353e-01,-1.532565253996989396e+00,9.855479329093051744e-03,-1.389311833487676839e+00,-1.760960705542248483e+00,-1.210071189044274048e-01,-1.758028352391565741e-01,2.497081893375624473e-01,-1.526797317251125996e+00,-1.580968414753146645e+00,3.132766109992452530e-01,-1.604830716095155818e+00,-1.399353857373611509e+00,-1.618918810056891644e+00,1.000000000000000000e+00
-1.752387993950347056e+00,-2.153427027813585581e-02,3.324646213538123146e-02,-1.248963934916344776e-01,6.501245133315829844e-03,-1.692417971345222094e+00,-1.397884025322287727e+00,1.653510492758513140e-01,-9.216492629239791956e-03,-1.832012590804132479e+00,-1.872767888166050554e+00,2.915105817056929394e-01,-1.079166206186459309e-01,2.912668576802653342e-01,-1.000000000000000000e+00
-1.806184649482642346e+00,-1.773788783419828707e+00,7.595038272615574348e-02,-1.353747587535946373e+00,-1.926395246773682013e+00,-1.608648402785678888e+00,-2.940518864491442619e-02,1.536771172595196577e-01,-1.600446038430091589e+00,-1.568954173464251145e+00,2.377243129796963450e-01,-1.702954340893876317e+00,-1.540268035867445651e+00,-1.525964682609035838e+00,1.000000000000000000e+00
-1.681853001192156416e+00,2.025248851261629568e-02,-1.507927323068977588e+00,6.015652368434671465e-02,6.787768755262589548e-02,-1.797346668678856396e+00,-1.328492471023882127e+00,1.083374242081695804e-01,-6.807194630225105181e-02,-1.536472371808336179e-01,-1.544991427545987506e+00,2.496879419231946562e-01,-2.586500999091325692e-01,2.472464564743200865e-01,-1.000000000000000000e+00
-6.512889928647674909e-02,-1.280157641621820330e+00,8.548411526008756200e-03,-1.308195710131301981e+00,-1.759788721990152682e+00,-1.442917604990261449e+00,-1.893052923952196265e+00,-1.913558088187841955e-01,-1.400433029598109114e+00,-5.406451812426182196e-02,2.908001571900953874e-01,-1.654973814245627617e+00,-1.488252776308071290e+00,-1.629965511123137256e+00,1.000000000000000000e+00
-1.600806204135150956e+00,-1.511861641530125588e+00,-4.237261964877586662e-02,-1.027349323790079094e-01,-1.534775695208126400e+00,-1.609318802955511662e+00,-1.415221590280331787e+00,-1.349255135992462717e+00,-1.603016048133207860e-01,-1.709813196142691449e+00,-1.498028189087612372e+00,-1.354158043503653763e+00,-1.324975882836215146e-01,2.711132403917941303e-01,-1.000000000000000000e+00
-1.815694150620314362e+00,-1.841070891138648191e+00,-2.135129424367295248e-01,-1.451394165585441653e+00,-1.747533020562963335e+00,-1.200370342065606132e-02,-1.923975840908812129e+00,3.494210435125721936e-02,-1.425449270516573108e+00,-4.246354558705554838e-03,1.056439022865369171e-01,-1.676809418735673018e+00,-1.449035505955657666e+00,-1.531577706593846289e+00,1.000000000000000000e+00
-1.604075385534005527e+00,-1.247560546127565617e+00,-1.672255369508738987e+00,1.065211685963571020e-01,-1.756483006388495305e+00,-1.617196120846714269e+00,-1.389449269607853088e+00,-1.586122669296846199e+00,-4.219247823196448088e-02,-1.204773546433365317e-01,-1.559777708682754449e+00,-1.272675445601217925e+00,-1.568985920919612476e-01,2.787010337220571787e-02,-1.000000000000000000e+00
-8.034254508214096202e-02,6.880725407078074063e-02,2.094215261303540299e-01,1.446253521446881907e-01,-2.494568563956204299e-01,-1.612589456454816883e+00,-1.591140610263561961e-01,1.892714292746733307e-01,2.185783413107370288e-01,9.944979984667769168e-02,-1.197593196312220387e+00,8.774288695775299407e-02,1.763860410608001916e-01,1.613257325364919892e-01,1.000000000000000000e+00
-1.886644372382341728e-01,-1.619309640274923801e-01,2.683354162221169431e-02,-1.413968591452252621e-01,9.808653926713208071e-02,-7.657823144474243393e-02,1.303211970396588870e-01,4.133184237415543638e-03,2.793182479116006200e-02,-1.535301780469503274e+00,-1.300594688837936885e-01,-2.232958274315878788e-01,-1.681883951636097274e+00,-2.720573586526732202e-01,-1.000000000000000000e+00
-1.778715650654681291e+00,-1.262469228272111998e-01,6.962258263356069232e-02,1.095996415049501210e-01,-1.988037976727128342e-01,-1.175735577159129908e-01,-2.309365762557876178e-01,1.224684282068461416e-01,2.462409602188055102e-02,4.908526452607276519e-02,-1.363465905985415283e+00,-1.910421864649460011e-02,-5.795484461945044075e-02,-1.270035108333279483e-01,1.000000000000000000e+00
-4.142652836984381248e-03,-6.013365015874117675e-02,-1.703420334445887141e+00,3.742735829120897445e-02,-4.025439783818521994e-02,1.289073532965347157e-02,3.107700852026719085e-01,-2.259629875830789780e-01,1.670993057174276208e-02,-1.019608591323673125e-01,-4.382862033882690272e-02,-4.585080608863484342e-01,-1.692172413371813899e+00,-5.792533591758292078e-02,-1.000000000000000000e+00
-3.935154334802061782e-01,3.638872533473028192e-02,1.395259957821806951e-01,1.664661237197593568e-01,-3.103391820041769833e-01,-2.005443684678374638e-01,-1.884110053262168627e+00,-1.345063215107585031e-01,2.550919602531565022e-01,-1.361261227364313431e+00,-1.290216119102986614e+00,1.336215441564989337e-01,6.254152091303144534e-03,2.100087729950954329e-02,1.000000000000000000e+00
-9.669110204168082645e-02,-1.775363854018477516e+00,1.069742929339808635e-01,-1.322016069705599928e-01,-1.547590907751123179e+00,4.749105067501178251e-02,1.252294878250418686e-01,-1.594537320930422553e+00,-2.024532740445836865e-01,-1.485978417205851887e+00,-1.276331802522947534e-01,-1.692798225641222842e+00,-1.719467001867377220e+00,-2.401686334724826843e-01,-1.000000000000000000e+00
-1.818404423502115286e+00,-1.613776695434923358e-01,-2.963013171964887227e-03,1.003119539558565421e-01,-5.117550258241547745e-01,-1.840998639084066912e+00,-1.622614867210045109e+00,-1.900972555314071055e-01,1.886811273742927675e-01,-1.576598230931666178e+00,-1.384814828596028446e+00,2.764715054184119225e-02,-1.234786186862628088e-01,-2.848869597594009748e-02,1.000000000000000000e+00
-8.409014969526823480e-02,-1.523030598750639619e+00,-1.651004473613457479e+00,2.050129427916006497e-01,-1.662422657414257543e+00,4.900743176672640172e-02,2.953259378908753563e-01,-1.727332438860938346e+00,-1.736397564513021963e-01,-1.754096263969709690e-01,-1.773807575012419369e-01,-1.803500231186919267e+00,-1.772739215935786206e+00,-3.388655478452351488e-02,-1.000000000000000000e+00
-3.504893168320986074e-01,1.287453279306145226e-01,-9.912367241549739638e-02,5.441291793956634648e-02,-3.067496111818439619e-01,-1.847740748782476627e+00,-2.809401432452648950e-01,2.606615198081184692e-01,-8.298507598924294293e-02,-1.528360789793670182e+00,-1.243673834577912807e+00,8.332409430469578382e-02,-1.536772762431679151e+00,-2.276252096846678452e-01,1.000000000000000000e+00
-1.669135017685616562e+00,1.878572457368295479e-01,-1.109103344102813082e-01,1.084848744675842580e-02,-8.542400125995765203e-02,-1.858098624717458680e+00,-1.107316092311189104e-02,-4.160138555491198209e-02,-2.961452456263555799e-01,-1.711925191657831302e+00,-1.727054823269065509e-01,-3.765547362240309059e-01,-1.915823137520314301e+00,-1.315770328525295851e-01,-1.000000000000000000e+00
-1.800479249082186151e+00,-3.386831473970310924e-01,2.229926830865746057e-01,1.062297083684143884e-02,-2.752908599739183892e-01,3.925282309845710971e-02,-3.015683531867457412e-01,2.297082100678827232e-01,1.058116123622843130e-01,-1.433791716055095034e+00,-1.166489686173616480e+00,-4.472131141237700724e-02,-1.571037642506694976e+00,-4.200183994858083109e-02,1.000000000000000000e+00
-1.615602691154683912e+00,-3.740395205227235731e-02,-1.741864658683469180e+00,-8.026571595103948464e-02,-6.875727441416802643e-02,-1.691643264385989998e+00,1.540923994518740570e-01,-6.881789309428396062e-02,-6.992666548691262030e-02,-1.090237072062237716e-01,-6.974526401931734065e-02,-2.892980571982610161e-01,-1.755724205511214553e+00,-1.814918365608780837e-01,-1.000000000000000000e+00
-2.677256404895123065e-01,1.835013192157280426e-01,-5.410002376291028758e-02,1.960243382670116552e-01,-1.888170511251534012e-01,-5.086120994193638750e-02,-1.848774520891739437e+00,-2.360222779043457952e-01,6.986521036030590714e-02,3.710310692206895966e-02,-1.267617760230665969e+00,7.705794214828859401e-02,-1.624174807600006210e+00,7.589070361533122033e-02,1.000000000000000000e+00
-1.483100626972129632e+00,-1.498241130023366896e+00,-1.839484030280719717e-01,-1.599276150165117594e-01,-1.677524565791744582e+00,-1.244818282776545715e+00,1.844648780999630366e-01,-1.531863635483006636e+00,-1.738348777911911669e-01,-1.734127336249420948e+00,-1.460549832600117337e-01,-1.760490064524646625e+00,-1.703402789107563597e+00,-7.417356541098861500e-02,-1.000000000000000000e+00
-1.714556915953274085e+00,-1.098793838346878715e-02,1.397241074190134769e-01,1.188655975385968788e-01,-3.606397251872860421e-01,-1.623217860346481745e+00,-1.843379238712378632e+00,-2.198912233817513218e-01,5.596523583124383971e-02,1.984229244991772556e-01,-1.302687102631844951e+00,1.540032728930624817e-01,-1.707395301387358844e+00,8.229962282112589234e-02,1.000000000000000000e+00
-1.552023699997773010e+00,-1.589629870687183866e+00,-1.546490125968891016e+00,-9.512728416417828847e-03,-1.623098593056410577e+00,-1.543080591010138392e+00,3.550992655544662480e-01,-1.651747859497800341e+00,2.138715259196787011e-02,-4.614252337635053880e-02,-1.099106707827380153e-01,-1.797091809321512024e+00,-1.723231873567492078e+00,-1.951141050461503434e-01,-1.000000000000000000e+00
-1.606564658516367594e-01,1.619450152250831165e-01,1.865756135283968553e-01,-1.459656607146854412e+00,-1.715882654233442106e-01,-1.434470999144190406e+00,-1.193565190757426703e-01,-1.293034381978339198e+00,-1.521215319236361108e+00,-6.652759862985353767e-02,-1.407943939743753869e+00,8.327266281168387019e-02,-9.784064273089676522e-02,-1.498740980415620871e+00,1.000000000000000000e+00
-1.483323083342633075e-03,6.967090893741754998e-02,6.278870422176768828e-02,-3.086306037876339337e-02,4.902401205912280957e-02,-1.521000431313429102e+00,-1.264142252532288513e+00,9.533858173133910596e-02,-1.011741668662529819e-01,3.310564112257621816e-02,-8.191935135946362689e-02,-3.186349310486205622e-01,-1.898669358964544029e+00,-4.496879339874823578e-02,-1.000000000000000000e+00
-1.573620891016235035e+00,-1.329982948840280343e-01,2.399503310453289795e-01,-1.330488862416024265e+00,-2.765375378185703781e-01,8.808199743137788695e-02,-2.648386870994752784e-01,-1.379876580550749576e+00,-1.383938581042170268e+00,-8.501291019743140165e-02,-1.165802340721067143e+00,1.507153745526593203e-01,1.395678131681016287e-01,-1.418622966305338906e+00,1.000000000000000000e+00
-2.414752338762555239e-01,6.263748091812453012e-02,-1.582288633664975963e+00,-2.138551415080261475e-02,-1.432209397597079270e-01,-1.564218586364576780e+00,-1.325323773803723570e+00,8.635628717131471621e-02,-9.389897569821684109e-02,-1.765087260484488496e+00,-6.942818194977197488e-02,-3.223149105900656175e-01,-1.783911969651682083e+00,-1.724922661524661005e-01,-1.000000000000000000e+00
-2.663953337290222434e-01,2.367978735580491545e-01,-6.125756833378044608e-02,-1.600320213409630377e+00,-1.746247378962873520e-01,-3.198386486924113814e-02,-1.769758135789326392e+00,-1.706661585217408961e+00,-1.625355656722051734e+00,-1.457244178579490068e+00,-1.335913049256137963e+00,1.196030340183451696e-01,-1.642401908248225795e-01,-1.456435876411096952e+00,1.000000000000000000e+00
-1.232307318054817469e-01,-1.646559127435431868e+00,-1.688108478516482103e-01,8.679061400071028110e-02,-1.626846068315488836e+00,-1.472854188583361923e+00,-1.365579138009763049e+00,-1.466056801914429553e+00,-1.148785375351140531e-01,-9.280445394721349717e-02,-2.086263845777263509e-02,-1.798345062543814654e+00,-1.807806298910443310e+00,-2.312401086807840955e-01,-1.000000000000000000e+00
-1.797916284381434915e+00,-2.911877350873054437e-01,9.552965566583154766e-02,-1.199357917186429034e+00,-2.857742411791293069e-01,-1.605346495511491778e+00,-1.772284905664825549e+00,-1.665468436189193158e+00,-1.587105210501043695e+00,-1.713909513833273612e+00,-1.395969565879321861e+00,2.700363356400100612e-01,-3.133153261923687927e-02,-1.466512092594051575e+00,1.000000000000000000e+00
-2.816570040640491157e-02,-1.490270920705007551e+00,-1.697566414689200442e+00,1.066246706088792573e-01,-1.536164302589434261e+00,-1.538328845280117152e+00,-1.356330561620534558e+00,-1.514472207116063451e+00,-1.094905748070687523e-01,-1.800177760814607675e+00,-1.216267770704610451e-01,-1.651142758533824972e+00,-1.955366473810422168e+00,-1.231567332270106924e-01,-1.000000000000000000e+00
-2.882849109278932676e-01,1.983093618883552678e-01,-1.463093206844333360e-02,-1.322092918898141845e+00,-4.602704639099099992e-01,-1.605476279094690151e+00,-3.759189111112950510e-01,-1.369264970446639085e+00,-1.660121345876027110e+00,-1.739860774927726172e+00,-1.344866286821288837e+00,1.542177775336922019e-01,-1.668878289511315227e+00,-1.520740909468941915e+00,1.000000000000000000e+00
-1.732333604683580441e+00,9.111658731908463260e-02,-4.803802635457201514e-02,-1.279143932227881919e-01,-2.649329842482005953e-02,8.165733683507830909e-02,-1.263156309110212039e+00,6.513957347289628386e-02,4.103908537035586002e-03,-5.453058692077440012e-02,-8.022016489145190887e-02,-1.727359390460022626e-01,-1.734239058057392757e+00,-3.904902587740946007e-01,-1.000000000000000000e+00
-1.694631322106838534e+00,-2.318305759969209179e-01,1.452105664682052100e-01,-1.296445994927566847e+00,-9.002133292421310440e-02,-6.386742495464487954e-03,-2.279265489238869458e-01,-1.223730498180746640e+00,-1.310785738689320024e+00,-1.641340256361092376e+00,-1.230315848916744281e+00,1.856264504335765064e-01,-1.656945810802020302e+00,-1.748667142064466384e+00,1.000000000000000000e+00
-1.450854206908660071e+00,7.828524456119041741e-02,-1.578406784248261419e+00,-2.512896826671837114e-02,-1.843895802506676229e-01,-1.191981600187149992e-01,-1.336143794401053242e+00,5.477238872298689082e-02,-2.040918138447603281e-01,-1.578286250190459761e+00,1.322295879957060549e-01,-1.209625784490078182e-01,-1.599368150749488127e+00,-1.874933429591453538e-01,-1.000000000000000000e+00
-1.045059878192874936e-01,3.284108220258633581e-01,-1.804137053924599610e-02,-1.415434285098199352e+00,-4.356646779711194073e-01,4.788784486837571741e-02,-1.877641497993017383e+00,-1.743155189450987796e+00,-1.585436495856220152e+00,-2.573786078104545877e-02,-1.387310204173998418e+00,1.943702255628812492e-02,-1.487659000524529818e+00,-1.554790847506030582e+00,1.000000000000000000e+00
-1.777631063812934009e+00,-1.474989866021839457e+00,-1.378492663939756557e-01,9.719130114846494251e-02,-1.544659298121808133e+00,-4.345709155336191509e-03,-1.300914268229148796e+00,-1.342089156350444235e+00,-1.443842580417471766e-02,1.101393450782136851e-01,-4.458906771815638465e-02,-1.947807337208174339e+00,-1.783904632762413067e+00,-1.539862301179337478e-01,-1.000000000000000000e+00
-1.875221005130098373e+00,-3.027948236787822434e-02,1.577189260360888357e-01,-1.297525857832602103e+00,-4.466360637113593879e-01,-1.507951520190433659e+00,-1.781636723359887986e+00,-1.742255382993029400e+00,-1.490422196791556297e+00,-2.957936848575772396e-02,-1.097956120195445751e+00,1.158530889140248904e-01,-1.599658517211244968e+00,-1.684814893443490114e+00,1.000000000000000000e+00
-1.413746274172867690e+00,-1.439223735272604943e+00,-1.606212425722667536e+00,2.463671345926384815e-01,-1.672731456423659946e+00,2.268676841522668242e-03,-1.316526726628725941e+00,-1.262398307739135195e+00,-1.777197614280082993e-01,-1.813590259802646987e+00,1.313756346090966254e-02,-1.618523643863773342e+00,-1.859687251220742299e+00,-2.495201522744032452e-01,-1.000000000000000000e+00
-3.297252099680703097e-01,-1.371755504998362296e+00,-2.079422813263466507e-02,3.886685963712142033e-01,-1.856985700819249185e+00,-1.739845605796722872e+00,-2.518312292333283464e-01,-1.274371212320373870e+00,-4.745129115520065055e-02,4.382091814791814338e-02,-1.278635974363860894e+00,-1.420689039846026347e+00,-3.444506503819735888e-03,-2.982589230851817944e-02,1.000000000000000000e+00
-2.124491174803492255e-01,-2.139723931994451100e-01,-3.322687787579704788e-02,7.088355859889972077e-02,-1.097689220635640478e-01,-1.607445440968523709e+00,4.407797109396910940e-01,-1.427730048091011839e-01,-9.409292144042250006e-03,-1.654717190782132308e+00,-1.578590319863247160e+00,3.807029358492156623e-01,-1.860152216807540171e+00,-7.885114569420309527e-02,-1.000000000000000000e+00
-1.653082354576353996e+00,-1.504985772276845823e+00,8.862611021251846910e-02,-8.201785062421099171e-02,-1.879265445719659366e+00,-5.944675608816845508e-02,-3.709557306042644553e-01,-1.315055201264324181e+00,7.171794880851997678e-02,-5.131578626564396728e-02,-1.251328659172288083e+00,-1.482978491176007774e+00,6.440516665073076075e-02,-5.049820195005234186e-03,1.000000000000000000e+00
-8.791229388322152616e-02,-5.836882405768635540e-02,-1.481081774714787969e+00,-6.391971646885230562e-02,-6.486649251415627093e-02,-1.506758250413897215e+00,1.770408338306008744e-01,-1.313950103499249289e-01,-1.531950314854812478e-01,6.990859955920894486e-02,-1.626637234267066745e+00,5.929477893373875652e-01,-1.546528241399860448e+00,-1.603662961096674056e-01,-1.000000000000000000e+00
-3.396285678353226367e-01,-1.528294409412719546e+00,1.338140976218210321e-01,3.178166295579417100e-01,-1.884779252162981145e+00,7.587564002972220500e-02,-1.801052541146987984e+00,-1.802455789509802342e+00,5.629959864233883421e-02,-1.528386690144768467e+00,-1.196946559723040426e+00,-1.496014076337103482e+00,-1.459000822332437441e-02,-4.514110158813214313e-02,1.000000000000000000e+00
-2.122826033075854713e-01,-1.742457408344193714e+00,-5.994940210951479193e-03,-7.429000399707801072e-02,-1.573847815175543285e+00,-1.427765538136147594e+00,-2.177683539857089290e-03,-1.848090509302166007e+00,-2.462976151736861463e-01,-1.507496047961274011e+00,-1.694486745172459230e+00,-1.084089586155583929e+00,-1.881101533930195080e+00,-4.045707885772964474e-01,-1.000000000000000000e+00
-1.821486828404217828e+00,-1.785783773911563177e+00,8.694550389372397714e-02,1.018824281446641250e-01,-1.693691149603142154e+00,-1.484847003659224729e+00,-1.765063793949422033e+00,-1.802234392814523023e+00,5.522426840259311853e-02,-1.612363985088490770e+00,-1.317573593524661524e+00,-1.431744863444093685e+00,4.777887984338642646e-02,9.428109634203124534e-02,1.000000000000000000e+00
-1.355231699667234502e-01,-1.478286893948838276e+00,-1.745691703278433149e+00,2.120014411317283631e-01,-1.397098658957899087e+00,-1.501016599025400300e+00,3.430488942349717574e-01,-1.593148440623272544e+00,-2.454628769550215583e-03,-2.170799739660791150e-01,-1.775361995629232137e+00,-1.198240303294508369e+00,-1.559487754720733532e+00,-1.240689768389830194e-01,-1.000000000000000000e+00
-9.313034480929896497e-02,-1.548711135573551667e+00,3.748586304684338455e-02,2.709530778596377365e-01,-1.896236382869262327e+00,-1.485636556670600683e+00,-3.161759750274304448e-01,-1.164643173374209084e+00,2.586141464409828783e-02,-1.451717591710380173e+00,-1.196062416447940757e+00,-1.289322134291910560e+00,-1.532448668231899402e+00,-1.185949432151032212e-01,1.000000000000000000e+00
-1.798587046249422450e+00,1.869445715679594888e-02,-1.044510995144790066e-01,5.572535109843471113e-03,2.050689463626149955e-01,-4.569373395860657633e-02,2.411256194966787947e-01,-1.233356642157531907e-01,-2.070072436122830095e-01,-1.795951024666027296e+00,-1.566054540405366291e+00,3.927205796742158639e-01,-1.603352638892656667e+00,-1.273094642344743677e-01,-1.000000000000000000e+00
-1.695174531165744680e+00,-1.901057242239872380e+00,4.447986228189836078e-02,1.909527852487359345e-01,-1.747763271347229086e+00,-5.746031256144605581e-02,-3.742409088612788093e-01,-1.155721528626410866e+00,1.726663169414113241e-01,-1.451530504363050422e+00,-1.379182285647580386e+00,-1.538823892180034125e+00,-1.778675306065086392e+00,-1.389632348775922399e-01,1.000000000000000000e+00
-1.516154332717399411e+00,2.948078711775095617e-01,-1.563462614010797669e+00,4.653471419431301492e-02,-1.000266205608066339e-01,-1.635299494656577979e-01,1.981747060035120023e-01,-2.439225329817111265e-01,-2.040020500696499428e-01,-3.313004356918086701e-02,-1.662464812462594477e+00,2.660385912486399884e-01,-1.808148641442627769e+00,-8.892180870150626082e-02,-1.000000000000000000e+00
-1.897814348096344694e-01,-1.366965856206360463e+00,2.847573068305468691e-02,7.793816993692186113e-02,-1.847043456045497356e+00,1.384223405335286393e-02,-1.735776206540201150e+00,-1.960193423500923959e+00,2.393677744169735166e-02,4.390804650419367905e-02,-1.346637422342611190e+00,-1.525863026477373374e+00,-1.312007080002479231e+00,8.494577091091098930e-02,1.000000000000000000e+00
-1.718634311223755873e+00,-1.610442672944327303e+00,2.038515277567406331e-02,-3.736477568872324101e-02,-1.742524571488221818e+00,1.347297168283280444e-02,2.893177315601560551e-01,-1.604696419948735020e+00,-2.371395839510001546e-02,-1.463682789949578567e+00,-1.652413527193833831e+00,-1.441831057552340978e+00,-1.703409524414448928e+00,-2.498822282863613631e-02,-1.000000000000000000e+00
-1.637188078103448463e+00,-1.603885569860671767e+00,9.449692346724855585e-02,1.853561669661850375e-01,-1.904633031994200199e+00,-1.573753785839371311e+00,-1.746192613065815635e+00,-1.605014692948754984e+00,1.884122078598251537e-01,2.130393423176967782e-01,-1.313215595620440101e+00,-1.375569192665423213e+00,-1.609605564479541062e+00,1.032090234096018702e-02,1.000000000000000000e+00
-1.463932539775016695e+00,-1.396927527135983116e+00,-1.597124513244271737e+00,1.700606987739440301e-01,-1.593214258358096158e+00,7.898635524713594480e-02,1.460646252191022954e-01,-1.727752340910720941e+00,-1.397253179256417455e-01,-6.391578604999410829e-02,-1.506917714065532099e+00,-1.327124410192860093e+00,-1.868621401392190240e+00,-4.814873314166542850e-02,-1.000000000000000000e+00
-2.453302913512000472e-01,-1.381393475649339120e+00,2.820336751702119671e-02,-1.315876624107797266e+00,-1.824739999228144560e+00,-1.602121961177756182e+00,-3.705984461049904866e-01,2.088605174089669669e-01,-1.388530441999721976e+00,-1.614360672904696092e-01,-1.382764604531399932e+00,-1.468531559001070574e+00,4.112328007139420816e-02,-1.581333600149080088e+00,1.000000000000000000e+00
2.713805008108567673e-02,-4.492060815494731962e-02,1.321227763640236974e-01,3.839966895412061376e-02,-1.796176035095834456e-01,-1.215735672995639227e-01,-1.373018785594215529e+00,3.902518928637641604e-01,-1.707055539118201293e-01,-2.122842042683150410e-01,-1.625022535456478234e+00,2.678538992717404144e-01,-1.770618558854318403e+00,-3.741509762172745557e-03,-1.000000000000000000e+00
-1.578884567282865081e+00,-1.899409259283551643e+00,9.479623447999144248e-02,-1.121556247336875867e+00,-1.760989393365797628e+00,1.773819367306432304e-01,-1.958317720905401182e-01,1.349862208361168603e-01,-1.450112157788013389e+00,-1.357031782377540741e-02,-1.241624569528410049e+00,-1.484921610939185177e+00,1.376233665493970526e-01,-1.556604996631108184e+00,1.000000000000000000e+00
-3.537691289734849059e-02,4.560153415536132016e-02,-1.594171868075497489e+00,3.781513593400184087e-02,-6.310239035113980599e-02,1.094511092510719319e-02,-1.370207269419601692e+00,1.199799911955920506e-02,-1.145156303849539092e-01,-1.601907832583182367e+00,-1.623516799310357195e+00,3.320668925349491429e-01,-1.861623716837563558e+00,-1.508498673571756210e-01,-1.000000000000000000e+00
-1.393561281424530174e-01,-1.374758695615320159e+00,-7.759579169863080328e-02,-1.376195546802910563e+00,-1.938362542912492881e+00,2.884745655059433103e-02,-2.006920996823445602e+00,-1.004405064435997530e-01,-1.516342257132262672e+00,-1.596307634773844519e+00,-1.299829520439901742e+00,-1.381582888541074139e+00,-1.757494128895809860e-01,-1.272303335421770765e+00,1.000000000000000000e+00
-1.960094070973704139e-01,-1.697496330090407568e+00,-5.048449415743674895e-02,-7.752022277990533450e-02,-1.662512304274329278e+00,1.033730136420900059e-01,-1.325909631133677991e+00,-1.454292015846018638e+00,-1.190555544626873269e-01,-8.137424270029648687e-02,-1.756864415556221193e+00,-1.241075488481948152e+00,-1.762882077075956788e+00,-2.177474284367885149e-01,-1.000000000000000000e+00
-1.716506103836173969e+00,-1.693682981881873273e+00,1.236654366300238284e-01,-1.574135526811256902e+00,-1.664471526834966575e+00,-1.570844244304912207e+00,-1.774862866839263642e+00,-1.427638352974658076e-01,-1.373032160890863329e+00,-1.546979483717454640e+00,-1.022122703105811548e+00,-1.601236489560692533e+00,1.529056596888132558e-01,-1.520223067771249159e+00,1.000000000000000000e+00
1.240211700589305688e-01,-1.673066155807911848e+00,-1.707600454721348804e+00,4.689498168707974951e-02,-1.699469709394447303e+00,2.441835890795615860e-01,-1.358180419249774618e+00,-1.729888665634490730e+00,-5.395068874283309723e-02,-1.573572313118200672e+00,-1.697368928119671549e+00,-1.296355045903686998e+00,-1.784341285676739997e+00,-1.336320934654017800e-01,-1.000000000000000000e+00
-2.732278629720036323e-01,-1.400079234667832129e+00,1.347668265396879672e-01,-1.391620773220448415e+00,-1.758071744450004470e+00,-1.606464752742112978e+00,-3.402099865624137465e-01,1.174714134753892802e-01,-1.401180205989532190e+00,-1.721918597261670181e+00,-1.287308539237927096e+00,-1.591594651268959160e+00,-1.593165458194905293e+00,-1.557546955013530354e+00,1.000000000000000000e+00
-1.598971646227494103e+00,1.236046246409897020e-01,3.431877784083394584e-02,-6.969119693131110849e-02,-8.563580320125260825e-02,-1.603697888322635379e+00,-1.329024396720724255e+00,1.682855646235556224e-01,-2.028225234038001645e-01,6.861652215427307966e-02,-1.602857773622162751e+00,3.625317017837687006e-01,-1.797304123293491429e+00,-5.321588608481897520e-02,-1.000000000000000000e+00
-1.639644981974852200e+00,-1.854171895099718581e+00,-2.051973173553672813e-02,-1.366762673081192592e+00,-1.770892170133351984e+00,-4.244494930413263492e-03,-1.908786714563566189e-01,4.024445837550703065e-01,-1.370617000966698251e+00,-1.721377477636856446e+00,-1.252054711962235167e+00,-1.454787972043852795e+00,-1.453855134864529886e+00,-1.612771266479338106e+00,1.000000000000000000e+00
-1.860920327172206346e+00,-3.041931909818444690e-02,-1.688612074945298192e+00,7.305155118052963914e-03,6.657171394361634242e-02,-1.711844099602422897e+00,-1.393033245878821713e+00,-8.345334352642244657e-02,5.571952925660876577e-02,-1.518301027691250749e+00,-1.576734468942531997e+00,2.081936884977613755e-01,-1.813402519878215990e+00,-1.063016573519409841e-01,-1.000000000000000000e+00
-3.165671461358449679e-01,-1.599647375778868286e+00,1.133291167418244011e-01,-1.413005648690241367e+00,-1.761543553015034513e+00,-4.481829010622573328e-02,-1.810204724753768701e+00,-2.899966671567328347e-01,-1.566337292939382397e+00,-2.779789300881632674e-01,-1.298274720101524116e+00,-1.490768568518090698e+00,-1.663696415234289461e+00,-1.562536267185302030e+00,1.000000000000000000e+00
-1.489405518472745715e+00,-1.564369280865593348e+00,-1.253944555836074802e-02,2.348296659373619311e-02,-1.559396690984679479e+00,-1.477378163711451586e+00,-1.423427973423906590e+00,-1.385349421852070328e+00,-1.112533298319890868e-01,8.818716506551810275e-02,-1.501800184321577802e+00,-1.270020039620027852e+00,-1.645927092564823946e+00,-1.069863646429739246e-01,-1.000000000000000000e+00
-1.744035853108975909e+00,-1.852529322203081863e+00,-4.882570838350687448e-02,-1.300941334332897270e+00,-1.853250573941688906e+00,-1.660621744728149718e+00,-1.767231625151308050e+00,-1.626395347022064342e-01,-1.314747526695378310e+00,-5.551483382275135270e-02,-1.308293869447473945e+00,-1.485197846757616569e+00,-1.535382907086665805e+00,-1.519174727187065921e+00,1.000000000000000000e+00
-1.722786422183899990e+00,-1.501959903195960289e+00,-1.365952932099750550e+00,-7.992587737987744134e-02,-1.527679953029977167e+00,-1.344128265453815585e+00,-1.358802884399927136e+00,-1.409152429298882403e+00,-3.089803980877695033e-01,-1.561449503771455749e+00,-1.702209857888720146e+00,-1.354103718271319812e+00,-1.798914482103099344e+00,-3.756717063139381474e-01,-1.000000000000000000e+00
